{
  "xmin": -59.5260009765625,
  "xmax": 59.94300079345703,
  "ymin": -10.96500015258789,
  "ymax": 1.9620000123977661,
  "zmin": -34.402000427246094,
  "zmax": 35.85100173950195
}