{
  "width": 1920,
  "height": 1080,
  "fx": 2666.6665649414062,
  "fy": 2666.6665649414062,
  "cx": 960.0,
  "cy": 540.0,

  "R": [
    [-0.445479271,  0.370544853, -0.815012105],
    [-0.000000066,  0.910330777,  0.413881476],
    [ 0.895292254,  0.184375672, -0.405533466]
  ],
  "T": [-1.011687756, -0.208341345, 45.989326477],

  "znear": 0.01,
  "zfar": 100.0
}
